Fornecedor;Frete
Matheus Nogueira;12
Ana Laura Azevedo;26
Kaique Novaes;25
Thomas Freitas;12
Milena Costa;13
Luna Fernandes;24
João Felipe Cruz;25
Lucca da Mata;24
Ana Beatriz Souza;20
Vitor Hugo da Mata;28
Manuela Novaes;19
Luiza Ramos;21
Augusto Cunha;24
Gabriela Alves;22
Alicia Campos;19
 Maria Fernanda Rocha;29
Enrico Novaes;28
 Joaquim Melo;28
Davi Luiz Lopes;19
Mirella Viana;11
Luiz Otávio Porto;21
Isabelly da Mata;18
Maria Luiza Costela;13
João Miguel da Costa;11
Felipe Ramos;23
Thales Moura;22
 Luiz Miguel da Costa;14
Raquel Azevedo;17
 Pietra Lima;24
Maria Cecília Almeida;12
Lara Porto;19
André da Cruz;16
Bruno Pires;27
Davi Lucca Teixeira;28
Nathan Oliveira;29
Francisco Oliveira;25
Brenda Cardoso;21
 Juan Ferreira;16
 Thiago Ramos;30
Yago Castro;25
Fernando Vieira;18
Luiza da Mata;15
Pedro Henrique das Neves;10
Vitor Hugo Viana;16
Helena Pereira;22
Augusto Ribeiro;14
Enzo Gabriel Nunes;14
Nina Moreira;26
Milena Aragão;29
Leonardo da Cruz;29
Raul Araújo;13
 Cauã da Conceição;11
Vinicius Moreira;10
 Nathan Ferreira;14
Pedro Lucas Cardoso;21
Julia Dias;27
Ana Luiza Pires;16
Vitor Gabriel Mendes;23
Vitória das Neves;17
Alícia das Neves;11
Francisco Barbosa;12
Fernando Santos;11
Diego da Conceição;15
Daniel Gonçalves;23
João Guilherme Ramos;23
Isaac Rezende;13
Vitor Barbosa;11
Lucas da Cunha;22
 Luiz Miguel Sales;28
Maysa da Conceição;10
Sabrina Costa;30
Mariana Campos;16
 Ana Rezende;11
Bryan Mendes;26
Sophia da Mata;11
João Guilherme da Cruz;13
Giovanna Lima;17
Paulo Novaes;28
Ryan Cardoso;22
Giovanna Mendes;21
Alana Porto;25
Matheus Correia;22
Laura Costela;17
Agatha Rodrigues;14
Alexia Barros;21
Lorena Santos;29
 Alice Teixeira;18
João Vitor Sales;15
Yago Peixoto;14
Maria Gonçalves;18
Juan Freitas;29
Leonardo Teixeira;29
Joaquim Cavalcanti;15
Augusto das Neves;30
Cecília da Conceição;20
Lucca Cavalcanti;16
Gabriela da Rocha;21
André Campos;10
Pedro Henrique Freitas;26
 André da Rocha;11
Otávio Moreira;27
Natália da Costa;24
João Pedro Costa;28
Cecília Correia;16
Daniela da Cruz;11
 Diego Araújo;22
Larissa da Mata;19
 Alexia da Rocha;15
Olivia Almeida;28
Isabelly Moura;16
Sophia Cavalcanti;29
Eduarda da Conceição;14
Breno das Neves;15
Maria Alice Correia;18
Luigi Ramos;20
Alana Sales;14
 Isadora Nogueira;23
Felipe Freitas;18
Ana Beatriz Santos;11
Ana Sophia Costela;22
Isabel Mendes;29
Miguel Ramos;15
Danilo Cavalcanti;24
Ana Clara Silva;23
 Stephany da Rocha;20
Alexandre das Neves;16
Maria Sophia Gonçalves;23
 Isabelly Oliveira;21
Valentina Ferreira;11
Francisco da Paz;16
Vinicius da Paz;23
Juliana Rocha;18
Marcos Vinicius Araújo;25
 Stephany Pereira;25
Nicolas Cardoso;23
Agatha da Paz;10
Eduardo Jesus;14
Clara Sales;18
Matheus Teixeira;11
 Maria Luiza Caldeira;29
Davi Lucas Alves;18
João Guilherme da Cunha;26
Fernanda Fernandes;23
Yasmin Freitas;16
Heitor Aragão;25
 João Gabriel Correia;26
Lívia da Cunha;19
Erick Moreira;13
Eduardo Nunes;21
Cauã das Neves;13
